id,dataset,fname
1001,ctg,ctgdl_ctu_uhb_1001.csv
1004,ctg,ctgdl_ctu_uhb_1004.csv
1006,ctg,ctgdl_ctu_uhb_1006.csv
1007,ctg,ctgdl_ctu_uhb_1007.csv
1008,ctg,ctgdl_ctu_uhb_1008.csv
1010,ctg,ctgdl_ctu_uhb_1010.csv
1011,ctg,ctgdl_ctu_uhb_1011.csv
1012,ctg,ctgdl_ctu_uhb_1012.csv
1013,ctg,ctgdl_ctu_uhb_1013.csv
1015,ctg,ctgdl_ctu_uhb_1015.csv
1016,ctg,ctgdl_ctu_uhb_1016.csv
1017,ctg,ctgdl_ctu_uhb_1017.csv
1018,ctg,ctgdl_ctu_uhb_1018.csv
1019,ctg,ctgdl_ctu_uhb_1019.csv
1021,ctg,ctgdl_ctu_uhb_1021.csv
1022,ctg,ctgdl_ctu_uhb_1022.csv
1023,ctg,ctgdl_ctu_uhb_1023.csv
1024,ctg,ctgdl_ctu_uhb_1024.csv
1025,ctg,ctgdl_ctu_uhb_1025.csv
1026,ctg,ctgdl_ctu_uhb_1026.csv
1027,ctg,ctgdl_ctu_uhb_1027.csv
1028,ctg,ctgdl_ctu_uhb_1028.csv
1031,ctg,ctgdl_ctu_uhb_1031.csv
1036,ctg,ctgdl_ctu_uhb_1036.csv
1037,ctg,ctgdl_ctu_uhb_1037.csv
1039,ctg,ctgdl_ctu_uhb_1039.csv
1041,ctg,ctgdl_ctu_uhb_1041.csv
1042,ctg,ctgdl_ctu_uhb_1042.csv
1045,ctg,ctgdl_ctu_uhb_1045.csv
1046,ctg,ctgdl_ctu_uhb_1046.csv
1047,ctg,ctgdl_ctu_uhb_1047.csv
1048,ctg,ctgdl_ctu_uhb_1048.csv
1049,ctg,ctgdl_ctu_uhb_1049.csv
1050,ctg,ctgdl_ctu_uhb_1050.csv
1053,ctg,ctgdl_ctu_uhb_1053.csv
1054,ctg,ctgdl_ctu_uhb_1054.csv
1056,ctg,ctgdl_ctu_uhb_1056.csv
1057,ctg,ctgdl_ctu_uhb_1057.csv
1060,ctg,ctgdl_ctu_uhb_1060.csv
1061,ctg,ctgdl_ctu_uhb_1061.csv
1062,ctg,ctgdl_ctu_uhb_1062.csv
1063,ctg,ctgdl_ctu_uhb_1063.csv
1064,ctg,ctgdl_ctu_uhb_1064.csv
1065,ctg,ctgdl_ctu_uhb_1065.csv
1066,ctg,ctgdl_ctu_uhb_1066.csv
1068,ctg,ctgdl_ctu_uhb_1068.csv
1069,ctg,ctgdl_ctu_uhb_1069.csv
1070,ctg,ctgdl_ctu_uhb_1070.csv
1071,ctg,ctgdl_ctu_uhb_1071.csv
1073,ctg,ctgdl_ctu_uhb_1073.csv
1074,ctg,ctgdl_ctu_uhb_1074.csv
1075,ctg,ctgdl_ctu_uhb_1075.csv
1076,ctg,ctgdl_ctu_uhb_1076.csv
1078,ctg,ctgdl_ctu_uhb_1078.csv
1081,ctg,ctgdl_ctu_uhb_1081.csv
1082,ctg,ctgdl_ctu_uhb_1082.csv
1086,ctg,ctgdl_ctu_uhb_1086.csv
1087,ctg,ctgdl_ctu_uhb_1087.csv
1088,ctg,ctgdl_ctu_uhb_1088.csv
1089,ctg,ctgdl_ctu_uhb_1089.csv
1090,ctg,ctgdl_ctu_uhb_1090.csv
1093,ctg,ctgdl_ctu_uhb_1093.csv
1094,ctg,ctgdl_ctu_uhb_1094.csv
1096,ctg,ctgdl_ctu_uhb_1096.csv
1103,ctg,ctgdl_ctu_uhb_1103.csv
1104,ctg,ctgdl_ctu_uhb_1104.csv
1105,ctg,ctgdl_ctu_uhb_1105.csv
1106,ctg,ctgdl_ctu_uhb_1106.csv
1107,ctg,ctgdl_ctu_uhb_1107.csv
1108,ctg,ctgdl_ctu_uhb_1108.csv
1109,ctg,ctgdl_ctu_uhb_1109.csv
1110,ctg,ctgdl_ctu_uhb_1110.csv
1112,ctg,ctgdl_ctu_uhb_1112.csv
1114,ctg,ctgdl_ctu_uhb_1114.csv
1116,ctg,ctgdl_ctu_uhb_1116.csv
1117,ctg,ctgdl_ctu_uhb_1117.csv
1118,ctg,ctgdl_ctu_uhb_1118.csv
1119,ctg,ctgdl_ctu_uhb_1119.csv
1121,ctg,ctgdl_ctu_uhb_1121.csv
1122,ctg,ctgdl_ctu_uhb_1122.csv
1123,ctg,ctgdl_ctu_uhb_1123.csv
1124,ctg,ctgdl_ctu_uhb_1124.csv
1125,ctg,ctgdl_ctu_uhb_1125.csv
1127,ctg,ctgdl_ctu_uhb_1127.csv
1129,ctg,ctgdl_ctu_uhb_1129.csv
1133,ctg,ctgdl_ctu_uhb_1133.csv
1134,ctg,ctgdl_ctu_uhb_1134.csv
1135,ctg,ctgdl_ctu_uhb_1135.csv
1136,ctg,ctgdl_ctu_uhb_1136.csv
1137,ctg,ctgdl_ctu_uhb_1137.csv
1138,ctg,ctgdl_ctu_uhb_1138.csv
1140,ctg,ctgdl_ctu_uhb_1140.csv
1141,ctg,ctgdl_ctu_uhb_1141.csv
1143,ctg,ctgdl_ctu_uhb_1143.csv
1145,ctg,ctgdl_ctu_uhb_1145.csv
1146,ctg,ctgdl_ctu_uhb_1146.csv
1148,ctg,ctgdl_ctu_uhb_1148.csv
1149,ctg,ctgdl_ctu_uhb_1149.csv
1150,ctg,ctgdl_ctu_uhb_1150.csv
1156,ctg,ctgdl_ctu_uhb_1156.csv
1157,ctg,ctgdl_ctu_uhb_1157.csv
1160,ctg,ctgdl_ctu_uhb_1160.csv
1161,ctg,ctgdl_ctu_uhb_1161.csv
1165,ctg,ctgdl_ctu_uhb_1165.csv
1167,ctg,ctgdl_ctu_uhb_1167.csv
1168,ctg,ctgdl_ctu_uhb_1168.csv
1171,ctg,ctgdl_ctu_uhb_1171.csv
1173,ctg,ctgdl_ctu_uhb_1173.csv
1177,ctg,ctgdl_ctu_uhb_1177.csv
1180,ctg,ctgdl_ctu_uhb_1180.csv
1182,ctg,ctgdl_ctu_uhb_1182.csv
1184,ctg,ctgdl_ctu_uhb_1184.csv
1187,ctg,ctgdl_ctu_uhb_1187.csv
1188,ctg,ctgdl_ctu_uhb_1188.csv
1191,ctg,ctgdl_ctu_uhb_1191.csv
1193,ctg,ctgdl_ctu_uhb_1193.csv
1194,ctg,ctgdl_ctu_uhb_1194.csv
1196,ctg,ctgdl_ctu_uhb_1196.csv
1199,ctg,ctgdl_ctu_uhb_1199.csv
1201,ctg,ctgdl_ctu_uhb_1201.csv
1202,ctg,ctgdl_ctu_uhb_1202.csv
1203,ctg,ctgdl_ctu_uhb_1203.csv
1204,ctg,ctgdl_ctu_uhb_1204.csv
1206,ctg,ctgdl_ctu_uhb_1206.csv
1207,ctg,ctgdl_ctu_uhb_1207.csv
1208,ctg,ctgdl_ctu_uhb_1208.csv
1212,ctg,ctgdl_ctu_uhb_1212.csv
1216,ctg,ctgdl_ctu_uhb_1216.csv
1217,ctg,ctgdl_ctu_uhb_1217.csv
1219,ctg,ctgdl_ctu_uhb_1219.csv
1220,ctg,ctgdl_ctu_uhb_1220.csv
1223,ctg,ctgdl_ctu_uhb_1223.csv
1224,ctg,ctgdl_ctu_uhb_1224.csv
1226,ctg,ctgdl_ctu_uhb_1226.csv
1228,ctg,ctgdl_ctu_uhb_1228.csv
1229,ctg,ctgdl_ctu_uhb_1229.csv
1230,ctg,ctgdl_ctu_uhb_1230.csv
1234,ctg,ctgdl_ctu_uhb_1234.csv
1236,ctg,ctgdl_ctu_uhb_1236.csv
1237,ctg,ctgdl_ctu_uhb_1237.csv
1239,ctg,ctgdl_ctu_uhb_1239.csv
1240,ctg,ctgdl_ctu_uhb_1240.csv
1241,ctg,ctgdl_ctu_uhb_1241.csv
1242,ctg,ctgdl_ctu_uhb_1242.csv
1245,ctg,ctgdl_ctu_uhb_1245.csv
1246,ctg,ctgdl_ctu_uhb_1246.csv
1248,ctg,ctgdl_ctu_uhb_1248.csv
1249,ctg,ctgdl_ctu_uhb_1249.csv
1251,ctg,ctgdl_ctu_uhb_1251.csv
1252,ctg,ctgdl_ctu_uhb_1252.csv
1255,ctg,ctgdl_ctu_uhb_1255.csv
1256,ctg,ctgdl_ctu_uhb_1256.csv
1261,ctg,ctgdl_ctu_uhb_1261.csv
1262,ctg,ctgdl_ctu_uhb_1262.csv
1263,ctg,ctgdl_ctu_uhb_1263.csv
1264,ctg,ctgdl_ctu_uhb_1264.csv
1265,ctg,ctgdl_ctu_uhb_1265.csv
1268,ctg,ctgdl_ctu_uhb_1268.csv
1269,ctg,ctgdl_ctu_uhb_1269.csv
1270,ctg,ctgdl_ctu_uhb_1270.csv
1272,ctg,ctgdl_ctu_uhb_1272.csv
1273,ctg,ctgdl_ctu_uhb_1273.csv
1277,ctg,ctgdl_ctu_uhb_1277.csv
1278,ctg,ctgdl_ctu_uhb_1278.csv
1281,ctg,ctgdl_ctu_uhb_1281.csv
1283,ctg,ctgdl_ctu_uhb_1283.csv
1284,ctg,ctgdl_ctu_uhb_1284.csv
1285,ctg,ctgdl_ctu_uhb_1285.csv
1286,ctg,ctgdl_ctu_uhb_1286.csv
1287,ctg,ctgdl_ctu_uhb_1287.csv
1288,ctg,ctgdl_ctu_uhb_1288.csv
1289,ctg,ctgdl_ctu_uhb_1289.csv
1290,ctg,ctgdl_ctu_uhb_1290.csv
1291,ctg,ctgdl_ctu_uhb_1291.csv
1292,ctg,ctgdl_ctu_uhb_1292.csv
1293,ctg,ctgdl_ctu_uhb_1293.csv
1294,ctg,ctgdl_ctu_uhb_1294.csv
1295,ctg,ctgdl_ctu_uhb_1295.csv
1296,ctg,ctgdl_ctu_uhb_1296.csv
1298,ctg,ctgdl_ctu_uhb_1298.csv
1301,ctg,ctgdl_ctu_uhb_1301.csv
1304,ctg,ctgdl_ctu_uhb_1304.csv
1305,ctg,ctgdl_ctu_uhb_1305.csv
1306,ctg,ctgdl_ctu_uhb_1306.csv
1308,ctg,ctgdl_ctu_uhb_1308.csv
1311,ctg,ctgdl_ctu_uhb_1311.csv
1312,ctg,ctgdl_ctu_uhb_1312.csv
1314,ctg,ctgdl_ctu_uhb_1314.csv
1315,ctg,ctgdl_ctu_uhb_1315.csv
1317,ctg,ctgdl_ctu_uhb_1317.csv
1318,ctg,ctgdl_ctu_uhb_1318.csv
1321,ctg,ctgdl_ctu_uhb_1321.csv
1322,ctg,ctgdl_ctu_uhb_1322.csv
1323,ctg,ctgdl_ctu_uhb_1323.csv
1324,ctg,ctgdl_ctu_uhb_1324.csv
1325,ctg,ctgdl_ctu_uhb_1325.csv
1328,ctg,ctgdl_ctu_uhb_1328.csv
1331,ctg,ctgdl_ctu_uhb_1331.csv
1332,ctg,ctgdl_ctu_uhb_1332.csv
1334,ctg,ctgdl_ctu_uhb_1334.csv
1335,ctg,ctgdl_ctu_uhb_1335.csv
1338,ctg,ctgdl_ctu_uhb_1338.csv
1339,ctg,ctgdl_ctu_uhb_1339.csv
1340,ctg,ctgdl_ctu_uhb_1340.csv
1342,ctg,ctgdl_ctu_uhb_1342.csv
1346,ctg,ctgdl_ctu_uhb_1346.csv
1347,ctg,ctgdl_ctu_uhb_1347.csv
1348,ctg,ctgdl_ctu_uhb_1348.csv
1349,ctg,ctgdl_ctu_uhb_1349.csv
1350,ctg,ctgdl_ctu_uhb_1350.csv
1351,ctg,ctgdl_ctu_uhb_1351.csv
1352,ctg,ctgdl_ctu_uhb_1352.csv
1355,ctg,ctgdl_ctu_uhb_1355.csv
1359,ctg,ctgdl_ctu_uhb_1359.csv
1360,ctg,ctgdl_ctu_uhb_1360.csv
1361,ctg,ctgdl_ctu_uhb_1361.csv
1362,ctg,ctgdl_ctu_uhb_1362.csv
1363,ctg,ctgdl_ctu_uhb_1363.csv
1365,ctg,ctgdl_ctu_uhb_1365.csv
1370,ctg,ctgdl_ctu_uhb_1370.csv
1377,ctg,ctgdl_ctu_uhb_1377.csv
1380,ctg,ctgdl_ctu_uhb_1380.csv
1381,ctg,ctgdl_ctu_uhb_1381.csv
1382,ctg,ctgdl_ctu_uhb_1382.csv
1384,ctg,ctgdl_ctu_uhb_1384.csv
1385,ctg,ctgdl_ctu_uhb_1385.csv
1386,ctg,ctgdl_ctu_uhb_1386.csv
1387,ctg,ctgdl_ctu_uhb_1387.csv
1388,ctg,ctgdl_ctu_uhb_1388.csv
1394,ctg,ctgdl_ctu_uhb_1394.csv
1395,ctg,ctgdl_ctu_uhb_1395.csv
1400,ctg,ctgdl_ctu_uhb_1400.csv
1401,ctg,ctgdl_ctu_uhb_1401.csv
1402,ctg,ctgdl_ctu_uhb_1402.csv
1404,ctg,ctgdl_ctu_uhb_1404.csv
1411,ctg,ctgdl_ctu_uhb_1411.csv
1413,ctg,ctgdl_ctu_uhb_1413.csv
1416,ctg,ctgdl_ctu_uhb_1416.csv
1417,ctg,ctgdl_ctu_uhb_1417.csv
1419,ctg,ctgdl_ctu_uhb_1419.csv
1421,ctg,ctgdl_ctu_uhb_1421.csv
1422,ctg,ctgdl_ctu_uhb_1422.csv
1423,ctg,ctgdl_ctu_uhb_1423.csv
1424,ctg,ctgdl_ctu_uhb_1424.csv
1427,ctg,ctgdl_ctu_uhb_1427.csv
1429,ctg,ctgdl_ctu_uhb_1429.csv
1431,ctg,ctgdl_ctu_uhb_1431.csv
1432,ctg,ctgdl_ctu_uhb_1432.csv
1434,ctg,ctgdl_ctu_uhb_1434.csv
1435,ctg,ctgdl_ctu_uhb_1435.csv
1438,ctg,ctgdl_ctu_uhb_1438.csv
1441,ctg,ctgdl_ctu_uhb_1441.csv
1444,ctg,ctgdl_ctu_uhb_1444.csv
1445,ctg,ctgdl_ctu_uhb_1445.csv
1448,ctg,ctgdl_ctu_uhb_1448.csv
1449,ctg,ctgdl_ctu_uhb_1449.csv
1451,ctg,ctgdl_ctu_uhb_1451.csv
1454,ctg,ctgdl_ctu_uhb_1454.csv
1457,ctg,ctgdl_ctu_uhb_1457.csv
1458,ctg,ctgdl_ctu_uhb_1458.csv
1459,ctg,ctgdl_ctu_uhb_1459.csv
1472,ctg,ctgdl_ctu_uhb_1472.csv
1473,ctg,ctgdl_ctu_uhb_1473.csv
1474,ctg,ctgdl_ctu_uhb_1474.csv
1479,ctg,ctgdl_ctu_uhb_1479.csv
1485,ctg,ctgdl_ctu_uhb_1485.csv
1486,ctg,ctgdl_ctu_uhb_1486.csv
1487,ctg,ctgdl_ctu_uhb_1487.csv
1489,ctg,ctgdl_ctu_uhb_1489.csv
1490,ctg,ctgdl_ctu_uhb_1490.csv
1493,ctg,ctgdl_ctu_uhb_1493.csv
1494,ctg,ctgdl_ctu_uhb_1494.csv
1498,ctg,ctgdl_ctu_uhb_1498.csv
1501,ctg,ctgdl_ctu_uhb_1501.csv
1503,ctg,ctgdl_ctu_uhb_1503.csv
1505,ctg,ctgdl_ctu_uhb_1505.csv
2002,ctg,ctgdl_ctu_uhb_2002.csv
2004,ctg,ctgdl_ctu_uhb_2004.csv
2008,ctg,ctgdl_ctu_uhb_2008.csv
2010,ctg,ctgdl_ctu_uhb_2010.csv
2012,ctg,ctgdl_ctu_uhb_2012.csv
2015,ctg,ctgdl_ctu_uhb_2015.csv
2016,ctg,ctgdl_ctu_uhb_2016.csv
2017,ctg,ctgdl_ctu_uhb_2017.csv
2019,ctg,ctgdl_ctu_uhb_2019.csv
2020,ctg,ctgdl_ctu_uhb_2020.csv
2023,ctg,ctgdl_ctu_uhb_2023.csv
2024,ctg,ctgdl_ctu_uhb_2024.csv
2025,ctg,ctgdl_ctu_uhb_2025.csv
2026,ctg,ctgdl_ctu_uhb_2026.csv
2027,ctg,ctgdl_ctu_uhb_2027.csv
2029,ctg,ctgdl_ctu_uhb_2029.csv
2030,ctg,ctgdl_ctu_uhb_2030.csv
2031,ctg,ctgdl_ctu_uhb_2031.csv
2032,ctg,ctgdl_ctu_uhb_2032.csv
2033,ctg,ctgdl_ctu_uhb_2033.csv
2034,ctg,ctgdl_ctu_uhb_2034.csv
2035,ctg,ctgdl_ctu_uhb_2035.csv
2036,ctg,ctgdl_ctu_uhb_2036.csv
2037,ctg,ctgdl_ctu_uhb_2037.csv
2039,ctg,ctgdl_ctu_uhb_2039.csv
2042,ctg,ctgdl_ctu_uhb_2042.csv
2045,ctg,ctgdl_ctu_uhb_2045.csv
2046,ctg,ctgdl_ctu_uhb_2046.csv
101,fhrma,ctgl_fhrma_101.csv
102,fhrma,ctgl_fhrma_102.csv
103,fhrma,ctgl_fhrma_103.csv
104,fhrma,ctgl_fhrma_104.csv
105,fhrma,ctgl_fhrma_105.csv
106,fhrma,ctgl_fhrma_106.csv
107,fhrma,ctgl_fhrma_107.csv
108,fhrma,ctgl_fhrma_108.csv
109,fhrma,ctgl_fhrma_109.csv
110,fhrma,ctgl_fhrma_110.csv
111,fhrma,ctgl_fhrma_111.csv
112,fhrma,ctgl_fhrma_112.csv
113,fhrma,ctgl_fhrma_113.csv
114,fhrma,ctgl_fhrma_114.csv
115,fhrma,ctgl_fhrma_115.csv
116,fhrma,ctgl_fhrma_116.csv
117,fhrma,ctgl_fhrma_117.csv
118,fhrma,ctgl_fhrma_118.csv
119,fhrma,ctgl_fhrma_119.csv
120,fhrma,ctgl_fhrma_120.csv
121,fhrma,ctgl_fhrma_121.csv
122,fhrma,ctgl_fhrma_122.csv
123,fhrma,ctgl_fhrma_123.csv
124,fhrma,ctgl_fhrma_124.csv
125,fhrma,ctgl_fhrma_125.csv
126,fhrma,ctgl_fhrma_126.csv
127,fhrma,ctgl_fhrma_127.csv
128,fhrma,ctgl_fhrma_128.csv
129,fhrma,ctgl_fhrma_129.csv
130,fhrma,ctgl_fhrma_130.csv
131,fhrma,ctgl_fhrma_131.csv
132,fhrma,ctgl_fhrma_132.csv
133,fhrma,ctgl_fhrma_133.csv
134,fhrma,ctgl_fhrma_134.csv
135,fhrma,ctgl_fhrma_135.csv
136,fhrma,ctgl_fhrma_136.csv
137,fhrma,ctgl_fhrma_137.csv
138,fhrma,ctgl_fhrma_138.csv
141,fhrma,ctgl_fhrma_141.csv
142,fhrma,ctgl_fhrma_142.csv
143,fhrma,ctgl_fhrma_143.csv
144,fhrma,ctgl_fhrma_144.csv
145,fhrma,ctgl_fhrma_145.csv
147,fhrma,ctgl_fhrma_147.csv
148,fhrma,ctgl_fhrma_148.csv
149,fhrma,ctgl_fhrma_149.csv
150,fhrma,ctgl_fhrma_150.csv
151,fhrma,ctgl_fhrma_151.csv
152,fhrma,ctgl_fhrma_152.csv
153,fhrma,ctgl_fhrma_153.csv
154,fhrma,ctgl_fhrma_154.csv
155,fhrma,ctgl_fhrma_155.csv
156,fhrma,ctgl_fhrma_156.csv
158,fhrma,ctgl_fhrma_158.csv
159,fhrma,ctgl_fhrma_159.csv
160,fhrma,ctgl_fhrma_160.csv
161,fhrma,ctgl_fhrma_161.csv
162,fhrma,ctgl_fhrma_162.csv
163,fhrma,ctgl_fhrma_163.csv
164,fhrma,ctgl_fhrma_164.csv
165,fhrma,ctgl_fhrma_165.csv
166,fhrma,ctgl_fhrma_166.csv
1,fhrma,ctgl_fhrma_1.csv
2,fhrma,ctgl_fhrma_2.csv
4,fhrma,ctgl_fhrma_4.csv
5,fhrma,ctgl_fhrma_5.csv
6,fhrma,ctgl_fhrma_6.csv
7,fhrma,ctgl_fhrma_7.csv
8,fhrma,ctgl_fhrma_8.csv
9,fhrma,ctgl_fhrma_9.csv
11,fhrma,ctgl_fhrma_11.csv
13,fhrma,ctgl_fhrma_13.csv
14,fhrma,ctgl_fhrma_14.csv
15,fhrma,ctgl_fhrma_15.csv
16,fhrma,ctgl_fhrma_16.csv
17,fhrma,ctgl_fhrma_17.csv
18,fhrma,ctgl_fhrma_18.csv
19,fhrma,ctgl_fhrma_19.csv
20,fhrma,ctgl_fhrma_20.csv
22,fhrma,ctgl_fhrma_22.csv
23,fhrma,ctgl_fhrma_23.csv
24,fhrma,ctgl_fhrma_24.csv
25,fhrma,ctgl_fhrma_25.csv
26,fhrma,ctgl_fhrma_26.csv
29,fhrma,ctgl_fhrma_29.csv
30,fhrma,ctgl_fhrma_30.csv
31,fhrma,ctgl_fhrma_31.csv
32,fhrma,ctgl_fhrma_32.csv
33,fhrma,ctgl_fhrma_33.csv
36,fhrma,ctgl_fhrma_36.csv
38,fhrma,ctgl_fhrma_38.csv
39,fhrma,ctgl_fhrma_39.csv
40,fhrma,ctgl_fhrma_40.csv
42,fhrma,ctgl_fhrma_42.csv
44,fhrma,ctgl_fhrma_44.csv
45,fhrma,ctgl_fhrma_45.csv
46,fhrma,ctgl_fhrma_46.csv
47,fhrma,ctgl_fhrma_47.csv
48,fhrma,ctgl_fhrma_48.csv
52,fhrma,ctgl_fhrma_52.csv
53,fhrma,ctgl_fhrma_53.csv
54,fhrma,ctgl_fhrma_54.csv
55,fhrma,ctgl_fhrma_55.csv
56,fhrma,ctgl_fhrma_56.csv
57,fhrma,ctgl_fhrma_57.csv
58,fhrma,ctgl_fhrma_58.csv
59,fhrma,ctgl_fhrma_59.csv
60,fhrma,ctgl_fhrma_60.csv
61,fhrma,ctgl_fhrma_61.csv
63,fhrma,ctgl_fhrma_63.csv
64,fhrma,ctgl_fhrma_64.csv
65,fhrma,ctgl_fhrma_65.csv
66,fhrma,ctgl_fhrma_66.csv
67,fhrma,ctgl_fhrma_67.csv
68,fhrma,ctgl_fhrma_68.csv
69,fhrma,ctgl_fhrma_69.csv
70,fhrma,ctgl_fhrma_70.csv
72,fhrma,ctgl_fhrma_72.csv
73,fhrma,ctgl_fhrma_73.csv
74,fhrma,ctgl_fhrma_74.csv
76,fhrma,ctgl_fhrma_76.csv
77,fhrma,ctgl_fhrma_77.csv
78,fhrma,ctgl_fhrma_78.csv
79,fhrma,ctgl_fhrma_79.csv
80,fhrma,ctgl_fhrma_80.csv
81,fhrma,ctgl_fhrma_81.csv
82,fhrma,ctgl_fhrma_82.csv
83,fhrma,ctgl_fhrma_83.csv
84,fhrma,ctgl_fhrma_84.csv
85,fhrma,ctgl_fhrma_85.csv
86,fhrma,ctgl_fhrma_86.csv
87,fhrma,ctgl_fhrma_87.csv
88,fhrma,ctgl_fhrma_88.csv
89,fhrma,ctgl_fhrma_89.csv
90,fhrma,ctgl_fhrma_90.csv
